user_id,course_id,interaction_type,rating,timestamp
7,7,viewed,,2025-04-04 10:15:28.705956+00:00
7,7,rated,2.0,2025-04-04 10:15:28.706734+00:00
7,7,completed,,2025-04-04 10:15:28.707383+00:00
7,12,viewed,,2025-04-04 10:15:28.708474+00:00
7,17,viewed,,2025-04-04 10:15:28.709513+00:00
7,17,completed,,2025-04-04 10:15:28.710113+00:00
7,17,rated,2.0,2025-04-04 10:15:28.710686+00:00
8,10,completed,,2025-04-04 10:15:28.711759+00:00
8,10,viewed,,2025-04-04 10:15:28.712419+00:00
8,9,rated,1.0,2025-04-04 10:15:28.713836+00:00
8,3,viewed,,2025-04-04 10:15:28.714881+00:00
8,3,completed,,2025-04-04 10:15:28.715531+00:00
8,6,completed,,2025-04-04 10:15:28.716517+00:00
8,6,rated,3.0,2025-04-04 10:15:28.717127+00:00
8,6,viewed,,2025-04-04 10:15:28.717893+00:00
8,4,rated,5.0,2025-04-04 10:15:28.719069+00:00
8,4,completed,,2025-04-04 10:15:28.719731+00:00
9,15,viewed,,2025-04-04 10:15:28.720736+00:00
9,15,completed,,2025-04-04 10:15:28.721367+00:00
9,3,completed,,2025-04-04 10:15:28.722382+00:00
9,1,viewed,,2025-04-04 10:15:28.723376+00:00
9,1,rated,2.0,2025-04-04 10:15:28.724084+00:00
9,17,rated,3.0,2025-04-04 10:15:28.725081+00:00
9,17,viewed,,2025-04-04 10:15:28.725741+00:00
9,17,completed,,2025-04-04 10:15:28.726711+00:00
10,14,completed,,2025-04-04 10:15:28.727955+00:00
10,14,viewed,,2025-04-04 10:15:28.728781+00:00
10,14,rated,4.0,2025-04-04 10:15:28.729548+00:00
10,19,completed,,2025-04-04 10:15:28.730670+00:00
10,8,completed,,2025-04-04 10:15:28.731881+00:00
10,8,rated,1.0,2025-04-04 10:15:28.732595+00:00
10,3,viewed,,2025-04-04 10:15:28.733563+00:00
10,3,rated,3.0,2025-04-04 10:15:28.734202+00:00
11,16,completed,,2025-04-04 10:15:28.735610+00:00
11,16,viewed,,2025-04-04 10:15:28.736568+00:00
11,17,viewed,,2025-04-04 10:15:28.738364+00:00
11,17,completed,,2025-04-04 10:15:28.738995+00:00
11,17,rated,4.0,2025-04-04 10:15:28.739849+00:00
11,12,rated,1.0,2025-04-04 10:15:28.740825+00:00
11,12,completed,,2025-04-04 10:15:28.741423+00:00
11,12,viewed,,2025-04-04 10:15:28.742052+00:00
11,2,completed,,2025-04-04 10:15:28.743219+00:00
11,2,rated,3.0,2025-04-04 10:15:28.743813+00:00
11,8,viewed,,2025-04-04 10:15:28.744760+00:00
12,4,rated,1.0,2025-04-04 10:15:28.745736+00:00
12,4,viewed,,2025-04-04 10:15:28.746352+00:00
12,16,completed,,2025-04-04 10:15:28.747456+00:00
12,16,rated,3.0,2025-04-04 10:15:28.748093+00:00
13,13,rated,2.0,2025-04-04 10:15:28.749043+00:00
13,13,completed,,2025-04-04 10:15:28.749703+00:00
13,13,viewed,,2025-04-04 10:15:28.750706+00:00
13,14,viewed,,2025-04-04 10:15:28.751744+00:00
13,8,completed,,2025-04-04 10:15:28.752761+00:00
13,3,completed,,2025-04-04 10:15:28.753718+00:00
13,3,viewed,,2025-04-04 10:15:28.754331+00:00
13,3,rated,5.0,2025-04-04 10:15:28.754945+00:00
14,17,rated,2.0,2025-04-04 10:15:28.755922+00:00
14,16,completed,,2025-04-04 10:15:28.757229+00:00
14,16,rated,4.0,2025-04-04 10:15:28.757838+00:00
14,16,viewed,,2025-04-04 10:15:28.758412+00:00
14,11,rated,5.0,2025-04-04 10:15:28.759374+00:00
14,11,completed,,2025-04-04 10:15:28.759961+00:00
14,11,viewed,,2025-04-04 10:15:28.760566+00:00
14,6,viewed,,2025-04-04 10:15:28.761600+00:00
14,6,rated,5.0,2025-04-04 10:15:28.762206+00:00
14,13,completed,,2025-04-04 10:15:28.763228+00:00
15,14,completed,,2025-04-04 10:15:28.764241+00:00
15,15,completed,,2025-04-04 10:15:28.765255+00:00
15,15,viewed,,2025-04-04 10:15:28.765932+00:00
16,12,rated,1.0,2025-04-04 10:15:28.766914+00:00
16,12,completed,,2025-04-04 10:15:28.767703+00:00
16,12,viewed,,2025-04-04 10:15:28.768406+00:00
16,5,completed,,2025-04-04 10:15:28.769506+00:00
16,5,viewed,,2025-04-04 10:15:28.770169+00:00
16,5,rated,5.0,2025-04-04 10:15:28.770793+00:00
16,6,rated,4.0,2025-04-04 10:15:28.771781+00:00
16,6,completed,,2025-04-04 10:15:28.772399+00:00
16,6,viewed,,2025-04-04 10:15:28.773379+00:00
16,3,viewed,,2025-04-04 10:15:28.774459+00:00
16,17,rated,2.0,2025-04-04 10:15:28.775473+00:00
17,5,completed,,2025-04-04 10:15:28.776502+00:00
17,5,viewed,,2025-04-04 10:15:28.777173+00:00
17,2,viewed,,2025-04-04 10:15:28.778294+00:00
17,2,rated,3.0,2025-04-04 10:15:28.778985+00:00
17,12,viewed,,2025-04-04 10:15:28.780056+00:00
17,12,rated,1.0,2025-04-04 10:15:28.780755+00:00
17,12,completed,,2025-04-04 10:15:28.781490+00:00
17,10,rated,1.0,2025-04-04 10:15:28.782611+00:00
17,10,viewed,,2025-04-04 10:15:28.783349+00:00
17,10,completed,,2025-04-04 10:15:28.784403+00:00
17,16,completed,,2025-04-04 10:15:28.785554+00:00
17,16,rated,1.0,2025-04-04 10:15:28.786300+00:00
18,12,viewed,,2025-04-04 10:15:28.787328+00:00
18,12,completed,,2025-04-04 10:15:28.787944+00:00
18,3,rated,4.0,2025-04-04 10:15:28.788939+00:00
18,17,completed,,2025-04-04 10:15:28.789905+00:00
18,17,viewed,,2025-04-04 10:15:28.790596+00:00
18,17,rated,2.0,2025-04-04 10:15:28.791239+00:00
19,19,completed,,2025-04-04 10:15:28.792383+00:00
19,19,viewed,,2025-04-04 10:15:28.793024+00:00
19,19,rated,5.0,2025-04-04 10:15:28.793637+00:00
19,17,viewed,,2025-04-04 10:15:28.794971+00:00
19,17,completed,,2025-04-04 10:15:28.795591+00:00
19,17,rated,3.0,2025-04-04 10:15:28.796269+00:00
19,8,completed,,2025-04-04 10:15:28.797261+00:00
19,13,completed,,2025-04-04 10:15:28.798597+00:00
19,13,rated,2.0,2025-04-04 10:15:28.799252+00:00
20,3,rated,1.0,2025-04-04 10:15:28.800263+00:00
20,3,viewed,,2025-04-04 10:15:28.801100+00:00
20,3,completed,,2025-04-04 10:15:28.801804+00:00
20,13,rated,3.0,2025-04-04 10:15:28.802909+00:00
20,13,viewed,,2025-04-04 10:15:28.803566+00:00
20,13,completed,,2025-04-04 10:15:28.804219+00:00
20,11,rated,1.0,2025-04-04 10:15:28.805231+00:00
21,3,completed,,2025-04-04 10:15:28.806298+00:00
21,3,viewed,,2025-04-04 10:15:28.806954+00:00
21,3,rated,3.0,2025-04-04 10:15:28.807581+00:00
21,12,rated,3.0,2025-04-04 10:15:28.808604+00:00
21,12,completed,,2025-04-04 10:15:28.809248+00:00
21,16,completed,,2025-04-04 10:15:28.810270+00:00
21,16,rated,5.0,2025-04-04 10:15:28.810905+00:00
21,15,completed,,2025-04-04 10:15:28.811889+00:00
21,15,viewed,,2025-04-04 10:15:28.812509+00:00
21,14,viewed,,2025-04-04 10:15:28.813512+00:00
21,14,rated,1.0,2025-04-04 10:15:28.814156+00:00
22,14,completed,,2025-04-04 10:15:28.815205+00:00
22,14,rated,5.0,2025-04-04 10:15:28.815871+00:00
22,14,viewed,,2025-04-04 10:15:28.816924+00:00
22,16,viewed,,2025-04-04 10:15:28.818001+00:00
22,16,completed,,2025-04-04 10:15:28.818680+00:00
22,16,rated,4.0,2025-04-04 10:15:28.819418+00:00
22,15,completed,,2025-04-04 10:15:28.820601+00:00
22,15,rated,2.0,2025-04-04 10:15:28.821294+00:00
22,15,viewed,,2025-04-04 10:15:28.822112+00:00
22,11,rated,2.0,2025-04-04 10:15:28.823104+00:00
22,11,completed,,2025-04-04 10:15:28.823714+00:00
23,14,rated,4.0,2025-04-04 10:15:28.824813+00:00
23,14,completed,,2025-04-04 10:15:28.825480+00:00
23,14,viewed,,2025-04-04 10:15:28.826165+00:00
23,4,completed,,2025-04-04 10:15:28.827187+00:00
23,4,rated,3.0,2025-04-04 10:15:28.827820+00:00
23,4,viewed,,2025-04-04 10:15:28.828484+00:00
23,3,completed,,2025-04-04 10:15:28.829519+00:00
23,11,viewed,,2025-04-04 10:15:28.830504+00:00
23,11,rated,5.0,2025-04-04 10:15:28.831113+00:00
24,5,rated,4.0,2025-04-04 10:15:28.832080+00:00
24,5,viewed,,2025-04-04 10:15:28.832762+00:00
24,5,completed,,2025-04-04 10:15:28.833432+00:00
24,1,viewed,,2025-04-04 10:15:28.834668+00:00
24,1,completed,,2025-04-04 10:15:28.835303+00:00
24,1,rated,5.0,2025-04-04 10:15:28.835998+00:00
24,15,rated,3.0,2025-04-04 10:15:28.837009+00:00
24,15,viewed,,2025-04-04 10:15:28.837616+00:00
24,15,completed,,2025-04-04 10:15:28.838222+00:00
25,4,viewed,,2025-04-04 10:15:28.839341+00:00
25,4,completed,,2025-04-04 10:15:28.840453+00:00
25,2,viewed,,2025-04-04 10:15:28.841518+00:00
25,2,rated,1.0,2025-04-04 10:15:28.842141+00:00
25,9,completed,,2025-04-04 10:15:28.843126+00:00
25,9,rated,2.0,2025-04-04 10:15:28.843776+00:00
25,8,completed,,2025-04-04 10:15:28.844878+00:00
25,8,viewed,,2025-04-04 10:15:28.845537+00:00
25,8,rated,2.0,2025-04-04 10:15:28.846310+00:00
25,13,completed,,2025-04-04 10:15:28.847433+00:00
25,13,rated,3.0,2025-04-04 10:15:28.848427+00:00
26,8,viewed,,2025-04-04 10:15:28.849598+00:00
26,9,viewed,,2025-04-04 10:15:28.850775+00:00
26,9,rated,1.0,2025-04-04 10:15:28.851448+00:00
26,9,completed,,2025-04-04 10:15:28.852090+00:00
26,3,viewed,,2025-04-04 10:15:28.853075+00:00
26,18,completed,,2025-04-04 10:15:28.854125+00:00
26,18,viewed,,2025-04-04 10:15:28.854795+00:00
27,2,viewed,,2025-04-04 10:15:28.855842+00:00
27,3,rated,5.0,2025-04-04 10:15:28.856871+00:00
27,14,rated,2.0,2025-04-04 10:15:28.857827+00:00
28,4,viewed,,2025-04-04 10:15:28.858772+00:00
28,4,rated,1.0,2025-04-04 10:15:28.859437+00:00
28,4,completed,,2025-04-04 10:15:28.860075+00:00
28,12,viewed,,2025-04-04 10:15:28.861057+00:00
28,19,viewed,,2025-04-04 10:15:28.862008+00:00
28,9,rated,4.0,2025-04-04 10:15:28.862976+00:00
28,9,completed,,2025-04-04 10:15:28.863602+00:00
28,7,rated,3.0,2025-04-04 10:15:28.864623+00:00
29,1,completed,,2025-04-04 10:15:28.865633+00:00
29,1,viewed,,2025-04-04 10:15:28.866256+00:00
29,11,completed,,2025-04-04 10:15:28.867282+00:00
29,11,rated,3.0,2025-04-04 10:15:28.868233+00:00
29,11,viewed,,2025-04-04 10:15:28.869734+00:00
29,14,viewed,,2025-04-04 10:15:28.911925+00:00
29,14,completed,,2025-04-04 10:15:28.931391+00:00
30,3,viewed,,2025-04-04 10:15:28.932831+00:00
30,3,rated,2.0,2025-04-04 10:15:28.933717+00:00
30,9,rated,3.0,2025-04-04 10:15:28.938635+00:00
30,9,viewed,,2025-04-04 10:15:28.941358+00:00
31,15,completed,,2025-04-04 10:15:28.943732+00:00
31,15,rated,2.0,2025-04-04 10:15:28.944498+00:00
31,15,viewed,,2025-04-04 10:15:28.945200+00:00
31,14,rated,5.0,2025-04-04 10:15:28.946447+00:00
31,14,viewed,,2025-04-04 10:15:28.947159+00:00
31,14,completed,,2025-04-04 10:15:28.947833+00:00
31,12,completed,,2025-04-04 10:15:28.948850+00:00
31,12,rated,5.0,2025-04-04 10:15:28.949559+00:00
31,11,viewed,,2025-04-04 10:15:28.950709+00:00
31,17,completed,,2025-04-04 10:15:28.951790+00:00
31,17,rated,4.0,2025-04-04 10:15:28.952440+00:00
32,9,rated,3.0,2025-04-04 10:15:28.953417+00:00
32,9,completed,,2025-04-04 10:15:28.954384+00:00
32,9,viewed,,2025-04-04 10:15:28.955297+00:00
32,12,completed,,2025-04-04 10:15:28.956365+00:00
32,12,rated,5.0,2025-04-04 10:15:28.956985+00:00
32,12,viewed,,2025-04-04 10:15:28.957607+00:00
33,13,viewed,,2025-04-04 10:15:28.958628+00:00
33,14,viewed,,2025-04-04 10:15:28.959721+00:00
33,14,rated,5.0,2025-04-04 10:15:28.960388+00:00
33,14,completed,,2025-04-04 10:15:28.961021+00:00
33,17,viewed,,2025-04-04 10:15:28.962017+00:00
33,17,completed,,2025-04-04 10:15:28.962695+00:00
33,8,rated,1.0,2025-04-04 10:15:28.964001+00:00
33,8,viewed,,2025-04-04 10:15:28.964681+00:00
34,17,viewed,,2025-04-04 10:15:28.965672+00:00
34,17,rated,5.0,2025-04-04 10:15:28.966340+00:00
34,3,viewed,,2025-04-04 10:15:28.967467+00:00
34,3,completed,,2025-04-04 10:15:28.968397+00:00
34,3,rated,3.0,2025-04-04 10:15:28.969238+00:00
34,6,viewed,,2025-04-04 10:15:28.970435+00:00
34,9,rated,1.0,2025-04-04 10:15:28.971525+00:00
34,9,viewed,,2025-04-04 10:15:28.972208+00:00
34,9,completed,,2025-04-04 10:15:28.972858+00:00
35,19,completed,,2025-04-04 10:15:28.973864+00:00
35,19,viewed,,2025-04-04 10:15:28.974556+00:00
35,16,completed,,2025-04-04 10:15:28.975575+00:00
35,16,rated,5.0,2025-04-04 10:15:28.976384+00:00
35,16,viewed,,2025-04-04 10:15:28.977564+00:00
35,11,rated,4.0,2025-04-04 10:15:28.978607+00:00
35,11,completed,,2025-04-04 10:15:28.979236+00:00
35,11,viewed,,2025-04-04 10:15:28.979857+00:00
35,2,viewed,,2025-04-04 10:15:28.980839+00:00
35,2,completed,,2025-04-04 10:15:28.981493+00:00
36,4,rated,4.0,2025-04-04 10:15:28.982683+00:00
36,2,rated,1.0,2025-04-04 10:15:28.984151+00:00
36,2,completed,,2025-04-04 10:15:28.985048+00:00
36,19,rated,4.0,2025-04-04 10:15:28.986902+00:00
37,16,viewed,,2025-04-04 10:15:28.987983+00:00
37,17,viewed,,2025-04-04 10:15:28.989053+00:00
37,12,rated,1.0,2025-04-04 10:15:28.990103+00:00
37,12,completed,,2025-04-04 10:15:28.990706+00:00
37,10,viewed,,2025-04-04 10:15:28.991681+00:00
37,2,completed,,2025-04-04 10:15:28.992703+00:00
37,2,viewed,,2025-04-04 10:15:28.993343+00:00
37,2,rated,3.0,2025-04-04 10:15:28.994079+00:00
38,2,completed,,2025-04-04 10:15:28.995112+00:00
38,2,rated,3.0,2025-04-04 10:15:28.995760+00:00
38,2,viewed,,2025-04-04 10:15:28.996385+00:00
38,6,viewed,,2025-04-04 10:15:28.997377+00:00
38,18,viewed,,2025-04-04 10:15:28.998398+00:00
38,18,rated,5.0,2025-04-04 10:15:28.999101+00:00
38,18,completed,,2025-04-04 10:15:28.999751+00:00
38,15,completed,,2025-04-04 10:15:29.001367+00:00
39,18,viewed,,2025-04-04 10:15:29.002401+00:00
39,18,completed,,2025-04-04 10:15:29.003049+00:00
39,1,viewed,,2025-04-04 10:15:29.004112+00:00
39,1,completed,,2025-04-04 10:15:29.004759+00:00
39,1,rated,4.0,2025-04-04 10:15:29.005368+00:00
39,5,completed,,2025-04-04 10:15:29.006337+00:00
39,5,viewed,,2025-04-04 10:15:29.006951+00:00
39,5,rated,5.0,2025-04-04 10:15:29.007576+00:00
39,15,completed,,2025-04-04 10:15:29.008582+00:00
40,19,viewed,,2025-04-04 10:15:29.009522+00:00
40,19,rated,5.0,2025-04-04 10:15:29.010189+00:00
40,17,rated,3.0,2025-04-04 10:15:29.011221+00:00
41,9,completed,,2025-04-04 10:15:29.012207+00:00
41,9,viewed,,2025-04-04 10:15:29.012813+00:00
41,9,rated,1.0,2025-04-04 10:15:29.013416+00:00
41,10,viewed,,2025-04-04 10:15:29.014436+00:00
41,15,completed,,2025-04-04 10:15:29.015423+00:00
41,4,rated,5.0,2025-04-04 10:15:29.016530+00:00
41,14,completed,,2025-04-04 10:15:29.017702+00:00
41,14,rated,3.0,2025-04-04 10:15:29.018381+00:00
42,5,rated,1.0,2025-04-04 10:15:29.019443+00:00
42,12,viewed,,2025-04-04 10:15:29.020469+00:00
42,12,rated,1.0,2025-04-04 10:15:29.021120+00:00
42,12,completed,,2025-04-04 10:15:29.021764+00:00
43,16,viewed,,2025-04-04 10:15:29.022727+00:00
43,16,completed,,2025-04-04 10:15:29.023318+00:00
43,19,rated,1.0,2025-04-04 10:15:29.024736+00:00
43,8,completed,,2025-04-04 10:15:29.025720+00:00
43,8,rated,4.0,2025-04-04 10:15:29.026389+00:00
43,8,viewed,,2025-04-04 10:15:29.027102+00:00
43,14,completed,,2025-04-04 10:15:29.028150+00:00
43,14,rated,2.0,2025-04-04 10:15:29.028845+00:00
43,14,viewed,,2025-04-04 10:15:29.029491+00:00
44,12,completed,,2025-04-04 10:15:29.030527+00:00
44,12,viewed,,2025-04-04 10:15:29.031168+00:00
44,12,rated,3.0,2025-04-04 10:15:29.031770+00:00
44,3,rated,3.0,2025-04-04 10:15:29.032840+00:00
44,6,completed,,2025-04-04 10:15:29.033964+00:00
44,6,rated,1.0,2025-04-04 10:15:29.034667+00:00
44,6,viewed,,2025-04-04 10:15:29.035302+00:00
44,14,viewed,,2025-04-04 10:15:29.036292+00:00
44,14,rated,1.0,2025-04-04 10:15:29.036929+00:00
44,13,completed,,2025-04-04 10:15:29.037904+00:00
45,9,viewed,,2025-04-04 10:15:29.038883+00:00
45,9,completed,,2025-04-04 10:15:29.039521+00:00
45,16,completed,,2025-04-04 10:15:29.040549+00:00
45,16,viewed,,2025-04-04 10:15:29.041173+00:00
45,16,rated,3.0,2025-04-04 10:15:29.041827+00:00
46,1,viewed,,2025-04-04 10:15:29.042794+00:00
46,1,completed,,2025-04-04 10:15:29.043412+00:00
46,15,rated,1.0,2025-04-04 10:15:29.044425+00:00
46,15,viewed,,2025-04-04 10:15:29.045505+00:00
46,19,rated,4.0,2025-04-04 10:15:29.046559+00:00
46,19,completed,,2025-04-04 10:15:29.047211+00:00
46,19,viewed,,2025-04-04 10:15:29.047832+00:00
47,11,rated,1.0,2025-04-04 10:15:29.048791+00:00
47,11,completed,,2025-04-04 10:15:29.049391+00:00
47,11,viewed,,2025-04-04 10:15:29.050087+00:00
47,16,completed,,2025-04-04 10:15:29.051364+00:00
47,6,completed,,2025-04-04 10:15:29.052410+00:00
47,19,viewed,,2025-04-04 10:15:29.053402+00:00
47,19,rated,3.0,2025-04-04 10:15:29.054009+00:00
47,18,completed,,2025-04-04 10:15:29.054964+00:00
48,17,completed,,2025-04-04 10:15:29.055922+00:00
48,17,viewed,,2025-04-04 10:15:29.056645+00:00
48,12,rated,4.0,2025-04-04 10:15:29.057670+00:00
48,12,viewed,,2025-04-04 10:15:29.058298+00:00
48,12,completed,,2025-04-04 10:15:29.058892+00:00
48,7,rated,2.0,2025-04-04 10:15:29.059923+00:00
48,5,completed,,2025-04-04 10:15:29.060932+00:00
48,5,rated,4.0,2025-04-04 10:15:29.061588+00:00
48,2,viewed,,2025-04-04 10:15:29.062567+00:00
49,15,rated,5.0,2025-04-04 10:15:29.063585+00:00
49,15,completed,,2025-04-04 10:15:29.064273+00:00
49,14,rated,3.0,2025-04-04 10:15:29.065310+00:00
49,14,viewed,,2025-04-04 10:15:29.065910+00:00
49,14,completed,,2025-04-04 10:15:29.066515+00:00
50,9,rated,2.0,2025-04-04 10:15:29.067635+00:00
50,9,viewed,,2025-04-04 10:15:29.068706+00:00
50,9,completed,,2025-04-04 10:15:29.069343+00:00
50,8,viewed,,2025-04-04 10:15:29.070327+00:00
50,8,completed,,2025-04-04 10:15:29.070925+00:00
51,15,viewed,,2025-04-04 10:15:29.071893+00:00
51,15,rated,4.0,2025-04-04 10:15:29.072531+00:00
51,15,completed,,2025-04-04 10:15:29.073205+00:00
51,14,viewed,,2025-04-04 10:15:29.074190+00:00
51,17,viewed,,2025-04-04 10:15:29.075571+00:00
51,17,rated,5.0,2025-04-04 10:15:29.076229+00:00
51,17,completed,,2025-04-04 10:15:29.076878+00:00
51,2,completed,,2025-04-04 10:15:29.077879+00:00
51,9,completed,,2025-04-04 10:15:29.079000+00:00
51,9,rated,5.0,2025-04-04 10:15:29.079648+00:00
51,9,viewed,,2025-04-04 10:15:29.080344+00:00
52,10,completed,,2025-04-04 10:15:29.081394+00:00
52,9,completed,,2025-04-04 10:15:29.082845+00:00
52,9,viewed,,2025-04-04 10:15:29.083576+00:00
52,9,rated,1.0,2025-04-04 10:15:29.084196+00:00
52,16,rated,5.0,2025-04-04 10:15:29.085263+00:00
52,16,viewed,,2025-04-04 10:15:29.085896+00:00
53,11,completed,,2025-04-04 10:15:29.086885+00:00
53,11,viewed,,2025-04-04 10:15:29.087535+00:00
53,13,completed,,2025-04-04 10:15:29.088514+00:00
53,13,rated,4.0,2025-04-04 10:15:29.089135+00:00
53,13,viewed,,2025-04-04 10:15:29.089726+00:00
53,6,viewed,,2025-04-04 10:15:29.090830+00:00
53,6,completed,,2025-04-04 10:15:29.091460+00:00
53,6,rated,2.0,2025-04-04 10:15:29.092067+00:00
53,15,viewed,,2025-04-04 10:15:29.093029+00:00
54,13,viewed,,2025-04-04 10:15:29.093984+00:00
54,13,completed,,2025-04-04 10:15:29.094577+00:00
54,13,rated,5.0,2025-04-04 10:15:29.095223+00:00
54,5,completed,,2025-04-04 10:15:29.096623+00:00
54,5,viewed,,2025-04-04 10:15:29.097271+00:00
54,6,viewed,,2025-04-04 10:15:29.098305+00:00
54,6,completed,,2025-04-04 10:15:29.098898+00:00
54,6,rated,1.0,2025-04-04 10:15:29.099514+00:00
54,4,rated,4.0,2025-04-04 10:15:29.100616+00:00
54,4,viewed,,2025-04-04 10:15:29.101317+00:00
54,10,rated,1.0,2025-04-04 10:15:29.102466+00:00
54,10,completed,,2025-04-04 10:15:29.103131+00:00
55,14,viewed,,2025-04-04 10:15:29.104161+00:00
55,14,rated,5.0,2025-04-04 10:15:29.104798+00:00
55,14,completed,,2025-04-04 10:15:29.105453+00:00
55,13,completed,,2025-04-04 10:15:29.106464+00:00
55,13,rated,5.0,2025-04-04 10:15:29.107074+00:00
55,4,viewed,,2025-04-04 10:15:29.108072+00:00
55,4,completed,,2025-04-04 10:15:29.108699+00:00
55,12,viewed,,2025-04-04 10:15:29.109724+00:00
55,12,completed,,2025-04-04 10:15:29.110363+00:00
56,9,completed,,2025-04-04 10:15:29.111352+00:00
56,9,viewed,,2025-04-04 10:15:29.111967+00:00
56,9,rated,2.0,2025-04-04 10:15:29.112676+00:00
56,1,rated,2.0,2025-04-04 10:15:29.113740+00:00
57,4,completed,,2025-04-04 10:15:29.114934+00:00
57,4,rated,2.0,2025-04-04 10:15:29.115677+00:00
57,19,rated,4.0,2025-04-04 10:15:29.116774+00:00
57,19,completed,,2025-04-04 10:15:29.118081+00:00
57,19,viewed,,2025-04-04 10:15:29.118752+00:00
57,2,viewed,,2025-04-04 10:15:29.119902+00:00
57,2,completed,,2025-04-04 10:15:29.120608+00:00
57,2,rated,2.0,2025-04-04 10:15:29.121257+00:00
57,11,viewed,,2025-04-04 10:15:29.122239+00:00
57,11,rated,4.0,2025-04-04 10:15:29.122868+00:00
57,11,completed,,2025-04-04 10:15:29.123496+00:00
58,2,viewed,,2025-04-04 10:15:29.124538+00:00
58,2,completed,,2025-04-04 10:15:29.125168+00:00
58,15,rated,4.0,2025-04-04 10:15:29.126152+00:00
58,15,viewed,,2025-04-04 10:15:29.126821+00:00
58,7,rated,5.0,2025-04-04 10:15:29.127877+00:00
58,18,completed,,2025-04-04 10:15:29.128989+00:00
58,18,viewed,,2025-04-04 10:15:29.129696+00:00
58,18,rated,4.0,2025-04-04 10:15:29.130297+00:00
58,17,completed,,2025-04-04 10:15:29.131305+00:00
59,10,viewed,,2025-04-04 10:15:29.132315+00:00
59,10,completed,,2025-04-04 10:15:29.132956+00:00
59,10,rated,4.0,2025-04-04 10:15:29.133652+00:00
59,13,completed,,2025-04-04 10:15:29.134631+00:00
59,13,rated,2.0,2025-04-04 10:15:29.135316+00:00
59,1,completed,,2025-04-04 10:15:29.136300+00:00
59,1,viewed,,2025-04-04 10:15:29.136996+00:00
60,13,completed,,2025-04-04 10:15:29.138009+00:00
60,15,rated,4.0,2025-04-04 10:15:29.139064+00:00
60,15,viewed,,2025-04-04 10:15:29.139712+00:00
60,16,rated,5.0,2025-04-04 10:15:29.140702+00:00
60,19,viewed,,2025-04-04 10:15:29.141643+00:00
60,19,completed,,2025-04-04 10:15:29.142249+00:00
60,11,completed,,2025-04-04 10:15:29.143263+00:00
60,11,viewed,,2025-04-04 10:15:29.143913+00:00
60,11,rated,2.0,2025-04-04 10:15:29.144550+00:00
61,8,completed,,2025-04-04 10:15:29.145510+00:00
61,8,viewed,,2025-04-04 10:15:29.146101+00:00
61,11,rated,2.0,2025-04-04 10:15:29.147091+00:00
61,11,viewed,,2025-04-04 10:15:29.147737+00:00
61,11,completed,,2025-04-04 10:15:29.148358+00:00
61,3,viewed,,2025-04-04 10:15:29.149881+00:00
61,3,completed,,2025-04-04 10:15:29.150556+00:00
61,18,completed,,2025-04-04 10:15:29.151612+00:00
61,18,viewed,,2025-04-04 10:15:29.152248+00:00
61,18,rated,2.0,2025-04-04 10:15:29.152885+00:00
62,17,rated,2.0,2025-04-04 10:15:29.153914+00:00
62,17,viewed,,2025-04-04 10:15:29.154627+00:00
62,17,completed,,2025-04-04 10:15:29.155249+00:00
62,11,completed,,2025-04-04 10:15:29.156219+00:00
62,11,viewed,,2025-04-04 10:15:29.156819+00:00
62,11,rated,4.0,2025-04-04 10:15:29.157474+00:00
62,13,viewed,,2025-04-04 10:15:29.158462+00:00
63,6,rated,2.0,2025-04-04 10:15:29.159454+00:00
63,6,completed,,2025-04-04 10:15:29.160066+00:00
63,1,completed,,2025-04-04 10:15:29.161022+00:00
63,1,viewed,,2025-04-04 10:15:29.161677+00:00
63,1,rated,2.0,2025-04-04 10:15:29.162293+00:00
63,16,rated,1.0,2025-04-04 10:15:29.163263+00:00
63,8,completed,,2025-04-04 10:15:29.164277+00:00
64,12,completed,,2025-04-04 10:15:29.165340+00:00
64,5,rated,2.0,2025-04-04 10:15:29.166341+00:00
65,19,rated,3.0,2025-04-04 10:15:29.167421+00:00
65,19,viewed,,2025-04-04 10:15:29.168094+00:00
65,19,completed,,2025-04-04 10:15:29.168728+00:00
65,8,completed,,2025-04-04 10:15:29.169704+00:00
65,4,viewed,,2025-04-04 10:15:29.171208+00:00
65,4,rated,3.0,2025-04-04 10:15:29.171829+00:00
65,15,rated,2.0,2025-04-04 10:15:29.172820+00:00
65,15,completed,,2025-04-04 10:15:29.173402+00:00
65,15,viewed,,2025-04-04 10:15:29.174034+00:00
65,5,rated,5.0,2025-04-04 10:15:29.175105+00:00
66,14,viewed,,2025-04-04 10:15:29.176223+00:00
66,14,rated,1.0,2025-04-04 10:15:29.176906+00:00
66,13,viewed,,2025-04-04 10:15:29.177925+00:00
66,13,completed,,2025-04-04 10:15:29.178626+00:00
67,10,rated,5.0,2025-04-04 10:15:29.179604+00:00
67,10,completed,,2025-04-04 10:15:29.180217+00:00
67,11,viewed,,2025-04-04 10:15:29.181285+00:00
68,1,viewed,,2025-04-04 10:15:29.182267+00:00
68,6,completed,,2025-04-04 10:15:29.183281+00:00
68,6,rated,1.0,2025-04-04 10:15:29.184167+00:00
68,6,viewed,,2025-04-04 10:15:29.184832+00:00
68,16,completed,,2025-04-04 10:15:29.185864+00:00
68,12,completed,,2025-04-04 10:15:29.186878+00:00
68,12,viewed,,2025-04-04 10:15:29.187522+00:00
69,3,completed,,2025-04-04 10:15:29.188507+00:00
69,3,rated,3.0,2025-04-04 10:15:29.189132+00:00
69,3,viewed,,2025-04-04 10:15:29.189741+00:00
69,5,completed,,2025-04-04 10:15:29.190718+00:00
69,5,rated,5.0,2025-04-04 10:15:29.191680+00:00
70,4,rated,3.0,2025-04-04 10:15:29.192644+00:00
70,4,viewed,,2025-04-04 10:15:29.193227+00:00
70,4,completed,,2025-04-04 10:15:29.193910+00:00
70,6,rated,2.0,2025-04-04 10:15:29.195001+00:00
70,11,viewed,,2025-04-04 10:15:29.196088+00:00
70,11,rated,4.0,2025-04-04 10:15:29.196704+00:00
70,11,completed,,2025-04-04 10:15:29.197333+00:00
71,13,viewed,,2025-04-04 10:15:29.198310+00:00
71,13,rated,4.0,2025-04-04 10:15:29.199018+00:00
71,13,completed,,2025-04-04 10:15:29.199725+00:00
71,15,completed,,2025-04-04 10:15:29.201255+00:00
71,8,viewed,,2025-04-04 10:15:29.202362+00:00
71,7,rated,5.0,2025-04-04 10:15:29.203396+00:00
71,7,viewed,,2025-04-04 10:15:29.204085+00:00
71,17,viewed,,2025-04-04 10:15:29.205105+00:00
71,17,rated,1.0,2025-04-04 10:15:29.205701+00:00
72,15,viewed,,2025-04-04 10:15:29.206697+00:00
72,15,completed,,2025-04-04 10:15:29.207340+00:00
72,15,rated,3.0,2025-04-04 10:15:29.207964+00:00
72,9,rated,4.0,2025-04-04 10:15:29.208971+00:00
72,12,rated,5.0,2025-04-04 10:15:29.209969+00:00
72,17,rated,4.0,2025-04-04 10:15:29.210961+00:00
72,17,viewed,,2025-04-04 10:15:29.211552+00:00
72,17,completed,,2025-04-04 10:15:29.212165+00:00
72,1,viewed,,2025-04-04 10:15:29.213162+00:00
72,1,rated,3.0,2025-04-04 10:15:29.213787+00:00
73,11,completed,,2025-04-04 10:15:29.214798+00:00
73,11,viewed,,2025-04-04 10:15:29.215439+00:00
73,13,completed,,2025-04-04 10:15:29.216499+00:00
73,13,viewed,,2025-04-04 10:15:29.217143+00:00
73,5,viewed,,2025-04-04 10:15:29.218171+00:00
73,5,completed,,2025-04-04 10:15:29.218797+00:00
73,5,rated,4.0,2025-04-04 10:15:29.219407+00:00
73,12,rated,3.0,2025-04-04 10:15:29.220375+00:00
74,8,rated,2.0,2025-04-04 10:15:29.221471+00:00
74,17,completed,,2025-04-04 10:15:29.222733+00:00
74,17,viewed,,2025-04-04 10:15:29.223385+00:00
75,15,rated,4.0,2025-04-04 10:15:29.224379+00:00
75,4,rated,3.0,2025-04-04 10:15:29.225342+00:00
75,4,viewed,,2025-04-04 10:15:29.225983+00:00
75,4,completed,,2025-04-04 10:15:29.226610+00:00
75,18,viewed,,2025-04-04 10:15:29.227626+00:00
75,18,rated,1.0,2025-04-04 10:15:29.228319+00:00
75,18,completed,,2025-04-04 10:15:29.228963+00:00
75,19,completed,,2025-04-04 10:15:29.229995+00:00
75,19,rated,5.0,2025-04-04 10:15:29.230613+00:00
76,6,viewed,,2025-04-04 10:15:29.231638+00:00
76,5,completed,,2025-04-04 10:15:29.232651+00:00
76,5,viewed,,2025-04-04 10:15:29.233318+00:00
77,10,completed,,2025-04-04 10:15:29.234440+00:00
77,10,viewed,,2025-04-04 10:15:29.235098+00:00
77,10,rated,5.0,2025-04-04 10:15:29.236093+00:00
77,9,completed,,2025-04-04 10:15:29.237123+00:00
77,9,viewed,,2025-04-04 10:15:29.237720+00:00
77,9,rated,5.0,2025-04-04 10:15:29.238364+00:00
78,18,rated,3.0,2025-04-04 10:15:29.239389+00:00
78,18,completed,,2025-04-04 10:15:29.240051+00:00
78,18,viewed,,2025-04-04 10:15:29.240675+00:00
78,3,rated,3.0,2025-04-04 10:15:29.241658+00:00
78,3,viewed,,2025-04-04 10:15:29.242290+00:00
79,19,viewed,,2025-04-04 10:15:29.243268+00:00
79,19,rated,3.0,2025-04-04 10:15:29.243856+00:00
79,19,completed,,2025-04-04 10:15:29.244444+00:00
79,17,completed,,2025-04-04 10:15:29.245474+00:00
79,15,viewed,,2025-04-04 10:15:29.246456+00:00
80,8,rated,5.0,2025-04-04 10:15:29.247474+00:00
80,8,completed,,2025-04-04 10:15:29.248064+00:00
80,6,completed,,2025-04-04 10:15:29.249022+00:00
80,6,viewed,,2025-04-04 10:15:29.249638+00:00
80,7,rated,1.0,2025-04-04 10:15:29.251021+00:00
81,15,viewed,,2025-04-04 10:15:29.252116+00:00
81,15,completed,,2025-04-04 10:15:29.252782+00:00
81,8,viewed,,2025-04-04 10:15:29.253786+00:00
82,13,viewed,,2025-04-04 10:15:29.254756+00:00
82,13,completed,,2025-04-04 10:15:29.255389+00:00
82,6,completed,,2025-04-04 10:15:29.256367+00:00
82,6,viewed,,2025-04-04 10:15:29.256937+00:00
82,6,rated,2.0,2025-04-04 10:15:29.257535+00:00
83,17,viewed,,2025-04-04 10:15:29.258506+00:00
83,17,rated,1.0,2025-04-04 10:15:29.259109+00:00
83,18,rated,5.0,2025-04-04 10:15:29.260115+00:00
83,18,completed,,2025-04-04 10:15:29.260715+00:00
83,6,rated,3.0,2025-04-04 10:15:29.261738+00:00
83,6,completed,,2025-04-04 10:15:29.262343+00:00
83,6,viewed,,2025-04-04 10:15:29.262916+00:00
83,9,completed,,2025-04-04 10:15:29.264284+00:00
83,9,rated,5.0,2025-04-04 10:15:29.264910+00:00
83,4,viewed,,2025-04-04 10:15:29.265871+00:00
84,14,viewed,,2025-04-04 10:15:29.266938+00:00
84,3,viewed,,2025-04-04 10:15:29.267971+00:00
84,8,rated,4.0,2025-04-04 10:15:29.269022+00:00
84,8,completed,,2025-04-04 10:15:29.269694+00:00
84,8,viewed,,2025-04-04 10:15:29.270316+00:00
85,19,completed,,2025-04-04 10:15:29.271288+00:00
85,12,viewed,,2025-04-04 10:15:29.272252+00:00
85,13,completed,,2025-04-04 10:15:29.273271+00:00
85,13,viewed,,2025-04-04 10:15:29.273881+00:00
85,13,rated,4.0,2025-04-04 10:15:29.274483+00:00
86,13,viewed,,2025-04-04 10:15:29.275414+00:00
86,13,rated,3.0,2025-04-04 10:15:29.276044+00:00
86,11,rated,5.0,2025-04-04 10:15:29.277003+00:00
86,1,rated,2.0,2025-04-04 10:15:29.277938+00:00
86,12,rated,1.0,2025-04-04 10:15:29.278886+00:00
87,17,completed,,2025-04-04 10:15:29.279903+00:00
87,17,viewed,,2025-04-04 10:15:29.280595+00:00
87,17,rated,2.0,2025-04-04 10:15:29.281269+00:00
87,19,completed,,2025-04-04 10:15:29.282306+00:00
87,15,completed,,2025-04-04 10:15:29.283389+00:00
87,15,rated,4.0,2025-04-04 10:15:29.284188+00:00
88,17,viewed,,2025-04-04 10:15:29.285207+00:00
88,16,viewed,,2025-04-04 10:15:29.286571+00:00
89,2,completed,,2025-04-04 10:15:29.287607+00:00
89,12,rated,1.0,2025-04-04 10:15:29.288572+00:00
89,12,completed,,2025-04-04 10:15:29.289161+00:00
89,12,viewed,,2025-04-04 10:15:29.289742+00:00
89,11,completed,,2025-04-04 10:15:29.290711+00:00
90,18,rated,4.0,2025-04-04 10:15:29.291668+00:00
90,17,viewed,,2025-04-04 10:15:29.292601+00:00
90,17,rated,3.0,2025-04-04 10:15:29.293239+00:00
90,17,completed,,2025-04-04 10:15:29.293856+00:00
90,13,viewed,,2025-04-04 10:15:29.294799+00:00
90,3,rated,2.0,2025-04-04 10:15:29.295797+00:00
90,3,viewed,,2025-04-04 10:15:29.296385+00:00
90,14,viewed,,2025-04-04 10:15:29.297419+00:00
90,14,rated,4.0,2025-04-04 10:15:29.298037+00:00
90,14,completed,,2025-04-04 10:15:29.298677+00:00
91,13,rated,1.0,2025-04-04 10:15:29.299690+00:00
91,13,completed,,2025-04-04 10:15:29.300409+00:00
91,13,viewed,,2025-04-04 10:15:29.301061+00:00
91,14,viewed,,2025-04-04 10:15:29.302096+00:00
91,14,completed,,2025-04-04 10:15:29.302710+00:00
91,12,viewed,,2025-04-04 10:15:29.303731+00:00
91,8,rated,2.0,2025-04-04 10:15:29.304711+00:00
92,11,completed,,2025-04-04 10:15:29.305749+00:00
92,2,completed,,2025-04-04 10:15:29.306762+00:00
92,2,rated,4.0,2025-04-04 10:15:29.307364+00:00
92,12,rated,3.0,2025-04-04 10:15:29.308346+00:00
92,12,completed,,2025-04-04 10:15:29.309386+00:00
92,12,viewed,,2025-04-04 10:15:29.310061+00:00
92,18,viewed,,2025-04-04 10:15:29.311177+00:00
92,18,rated,2.0,2025-04-04 10:15:29.311857+00:00
92,18,completed,,2025-04-04 10:15:29.312533+00:00
93,3,rated,1.0,2025-04-04 10:15:29.313569+00:00
93,11,rated,4.0,2025-04-04 10:15:29.314640+00:00
93,17,completed,,2025-04-04 10:15:29.315675+00:00
93,17,rated,2.0,2025-04-04 10:15:29.316360+00:00
93,17,viewed,,2025-04-04 10:15:29.317371+00:00
93,7,completed,,2025-04-04 10:15:29.318533+00:00
94,14,completed,,2025-04-04 10:15:29.319569+00:00
94,14,rated,5.0,2025-04-04 10:15:29.320194+00:00
94,7,completed,,2025-04-04 10:15:29.321165+00:00
94,7,rated,1.0,2025-04-04 10:15:29.321784+00:00
94,7,viewed,,2025-04-04 10:15:29.322388+00:00
94,1,completed,,2025-04-04 10:15:29.323388+00:00
94,1,viewed,,2025-04-04 10:15:29.323979+00:00
94,1,rated,4.0,2025-04-04 10:15:29.324637+00:00
94,19,rated,4.0,2025-04-04 10:15:29.325579+00:00
94,19,completed,,2025-04-04 10:15:29.326205+00:00
94,19,viewed,,2025-04-04 10:15:29.326801+00:00
95,1,viewed,,2025-04-04 10:15:29.327750+00:00
95,1,completed,,2025-04-04 10:15:29.328337+00:00
95,1,rated,4.0,2025-04-04 10:15:29.328955+00:00
95,6,viewed,,2025-04-04 10:15:29.329988+00:00
95,17,completed,,2025-04-04 10:15:29.331031+00:00
95,8,completed,,2025-04-04 10:15:29.332059+00:00
95,7,rated,1.0,2025-04-04 10:15:29.333000+00:00
95,7,completed,,2025-04-04 10:15:29.334196+00:00
95,7,viewed,,2025-04-04 10:15:29.334873+00:00
96,9,completed,,2025-04-04 10:15:29.335904+00:00
96,9,rated,1.0,2025-04-04 10:15:29.336547+00:00
96,9,viewed,,2025-04-04 10:15:29.337195+00:00
96,12,completed,,2025-04-04 10:15:29.338194+00:00
96,12,rated,4.0,2025-04-04 10:15:29.338790+00:00
96,12,viewed,,2025-04-04 10:15:29.339424+00:00
97,4,viewed,,2025-04-04 10:15:29.340443+00:00
97,4,completed,,2025-04-04 10:15:29.341058+00:00
97,11,viewed,,2025-04-04 10:15:29.341997+00:00
97,11,completed,,2025-04-04 10:15:29.342580+00:00
97,11,rated,5.0,2025-04-04 10:15:29.343143+00:00
98,4,completed,,2025-04-04 10:15:29.344158+00:00
98,19,rated,4.0,2025-04-04 10:15:29.345204+00:00
98,19,completed,,2025-04-04 10:15:29.345908+00:00
99,12,viewed,,2025-04-04 10:15:29.346970+00:00
99,12,completed,,2025-04-04 10:15:29.347641+00:00
99,15,completed,,2025-04-04 10:15:29.348611+00:00
99,15,viewed,,2025-04-04 10:15:29.349221+00:00
99,15,rated,3.0,2025-04-04 10:15:29.349864+00:00
99,11,completed,,2025-04-04 10:15:29.350952+00:00
99,11,viewed,,2025-04-04 10:15:29.351600+00:00
99,14,completed,,2025-04-04 10:15:29.352638+00:00
99,14,rated,4.0,2025-04-04 10:15:29.353249+00:00
99,14,viewed,,2025-04-04 10:15:29.354112+00:00
99,10,completed,,2025-04-04 10:15:29.355065+00:00
99,10,viewed,,2025-04-04 10:15:29.355647+00:00
99,10,rated,2.0,2025-04-04 10:15:29.356248+00:00
100,10,completed,,2025-04-04 10:15:29.357291+00:00
100,12,completed,,2025-04-04 10:15:29.358286+00:00
100,19,completed,,2025-04-04 10:15:29.359236+00:00
100,14,rated,3.0,2025-04-04 10:15:29.360220+00:00
100,14,completed,,2025-04-04 10:15:29.360806+00:00
100,15,completed,,2025-04-04 10:15:29.361795+00:00
101,9,completed,,2025-04-04 10:15:29.362787+00:00
101,9,viewed,,2025-04-04 10:15:29.363464+00:00
101,9,rated,5.0,2025-04-04 10:15:29.364063+00:00
101,12,rated,4.0,2025-04-04 10:15:29.365188+00:00
101,12,completed,,2025-04-04 10:15:29.365812+00:00
101,7,viewed,,2025-04-04 10:15:29.366757+00:00
101,7,rated,1.0,2025-04-04 10:15:29.367684+00:00
101,7,completed,,2025-04-04 10:15:29.368414+00:00
102,19,completed,,2025-04-04 10:15:29.369883+00:00
102,19,viewed,,2025-04-04 10:15:29.370589+00:00
102,19,rated,3.0,2025-04-04 10:15:29.371388+00:00
102,1,viewed,,2025-04-04 10:15:29.372579+00:00
102,1,rated,2.0,2025-04-04 10:15:29.373328+00:00
102,10,viewed,,2025-04-04 10:15:29.374466+00:00
102,10,completed,,2025-04-04 10:15:29.375508+00:00
102,10,rated,1.0,2025-04-04 10:15:29.376364+00:00
103,19,viewed,,2025-04-04 10:15:29.377445+00:00
103,19,completed,,2025-04-04 10:15:29.378105+00:00
103,16,viewed,,2025-04-04 10:15:29.379167+00:00
103,16,completed,,2025-04-04 10:15:29.379924+00:00
103,16,rated,2.0,2025-04-04 10:15:29.380973+00:00
104,12,rated,4.0,2025-04-04 10:15:29.382084+00:00
104,7,viewed,,2025-04-04 10:15:29.383236+00:00
104,7,rated,5.0,2025-04-04 10:15:29.384218+00:00
104,19,completed,,2025-04-04 10:15:29.385258+00:00
104,19,rated,5.0,2025-04-04 10:15:29.385935+00:00
104,19,viewed,,2025-04-04 10:15:29.386622+00:00
104,15,completed,,2025-04-04 10:15:29.387712+00:00
104,15,rated,4.0,2025-04-04 10:15:29.388339+00:00
104,15,viewed,,2025-04-04 10:15:29.388936+00:00
104,14,viewed,,2025-04-04 10:15:29.390314+00:00
105,7,completed,,2025-04-04 10:15:29.391533+00:00
105,6,viewed,,2025-04-04 10:15:29.392515+00:00
105,6,rated,1.0,2025-04-04 10:15:29.393278+00:00
105,2,completed,,2025-04-04 10:15:29.394274+00:00
105,13,rated,5.0,2025-04-04 10:15:29.395260+00:00
105,13,viewed,,2025-04-04 10:15:29.396008+00:00
105,13,completed,,2025-04-04 10:15:29.396667+00:00
106,2,rated,4.0,2025-04-04 10:15:29.397924+00:00
106,7,viewed,,2025-04-04 10:15:29.399038+00:00
106,7,completed,,2025-04-04 10:15:29.400060+00:00
106,11,completed,,2025-04-04 10:15:29.401077+00:00
106,11,rated,3.0,2025-04-04 10:15:29.401766+00:00
106,11,viewed,,2025-04-04 10:15:29.402424+00:00
107,19,completed,,2025-04-04 10:15:29.403454+00:00
107,19,viewed,,2025-04-04 10:15:29.404087+00:00
107,19,rated,1.0,2025-04-04 10:15:29.404750+00:00
107,18,rated,2.0,2025-04-04 10:15:29.405790+00:00
107,18,completed,,2025-04-04 10:15:29.406398+00:00
108,19,viewed,,2025-04-04 10:15:29.407498+00:00
108,19,completed,,2025-04-04 10:15:29.408107+00:00
108,18,rated,2.0,2025-04-04 10:15:29.409066+00:00
108,13,rated,4.0,2025-04-04 10:15:29.410018+00:00
108,5,rated,3.0,2025-04-04 10:15:29.411314+00:00
108,5,viewed,,2025-04-04 10:15:29.411914+00:00
108,4,rated,5.0,2025-04-04 10:15:29.412875+00:00
108,4,completed,,2025-04-04 10:15:29.413666+00:00
108,4,viewed,,2025-04-04 10:15:29.414276+00:00
109,16,completed,,2025-04-04 10:15:29.415235+00:00
109,16,viewed,,2025-04-04 10:15:29.416006+00:00
109,1,viewed,,2025-04-04 10:15:29.417126+00:00
109,14,rated,5.0,2025-04-04 10:15:29.418154+00:00
109,11,rated,4.0,2025-04-04 10:15:29.419266+00:00
110,15,viewed,,2025-04-04 10:15:29.420751+00:00
110,9,viewed,,2025-04-04 10:15:29.421769+00:00
110,9,rated,3.0,2025-04-04 10:15:29.422402+00:00
110,17,completed,,2025-04-04 10:15:29.423399+00:00
110,17,viewed,,2025-04-04 10:15:29.424029+00:00
110,17,rated,2.0,2025-04-04 10:15:29.424652+00:00
111,18,viewed,,2025-04-04 10:15:29.425625+00:00
111,10,viewed,,2025-04-04 10:15:29.426576+00:00
111,10,completed,,2025-04-04 10:15:29.428442+00:00
111,10,rated,1.0,2025-04-04 10:15:29.429315+00:00
111,3,completed,,2025-04-04 10:15:29.430448+00:00
111,3,rated,1.0,2025-04-04 10:15:29.431112+00:00
111,15,viewed,,2025-04-04 10:15:29.432286+00:00
112,9,completed,,2025-04-04 10:15:29.433358+00:00
112,9,rated,2.0,2025-04-04 10:15:29.434094+00:00
112,10,viewed,,2025-04-04 10:15:29.435257+00:00
112,10,completed,,2025-04-04 10:15:29.435943+00:00
112,3,completed,,2025-04-04 10:15:29.436968+00:00
112,1,completed,,2025-04-04 10:15:29.438309+00:00
112,6,completed,,2025-04-04 10:15:29.439361+00:00
112,6,viewed,,2025-04-04 10:15:29.439996+00:00
113,1,completed,,2025-04-04 10:15:29.440990+00:00
113,3,viewed,,2025-04-04 10:15:29.441980+00:00
113,3,rated,5.0,2025-04-04 10:15:29.442564+00:00
113,8,completed,,2025-04-04 10:15:29.443553+00:00
113,8,viewed,,2025-04-04 10:15:29.444714+00:00
113,8,rated,5.0,2025-04-04 10:15:29.445359+00:00
114,4,completed,,2025-04-04 10:15:29.446453+00:00
114,4,rated,5.0,2025-04-04 10:15:29.447130+00:00
114,4,viewed,,2025-04-04 10:15:29.447749+00:00
114,5,rated,2.0,2025-04-04 10:15:29.448742+00:00
114,5,completed,,2025-04-04 10:15:29.449393+00:00
114,9,rated,4.0,2025-04-04 10:15:29.450696+00:00
114,9,viewed,,2025-04-04 10:15:29.451340+00:00
114,10,completed,,2025-04-04 10:15:29.452412+00:00
114,10,viewed,,2025-04-04 10:15:29.453063+00:00
114,10,rated,5.0,2025-04-04 10:15:29.453690+00:00
115,14,rated,4.0,2025-04-04 10:15:29.454679+00:00
115,14,completed,,2025-04-04 10:15:29.455292+00:00
115,14,viewed,,2025-04-04 10:15:29.455869+00:00
115,17,viewed,,2025-04-04 10:15:29.456891+00:00
115,17,completed,,2025-04-04 10:15:29.457503+00:00
116,15,completed,,2025-04-04 10:15:29.458531+00:00
116,17,rated,1.0,2025-04-04 10:15:29.459505+00:00
116,17,completed,,2025-04-04 10:15:29.460099+00:00
116,9,rated,5.0,2025-04-04 10:15:29.461058+00:00
116,9,completed,,2025-04-04 10:15:29.461700+00:00
116,9,viewed,,2025-04-04 10:15:29.462308+00:00
116,13,completed,,2025-04-04 10:15:29.463284+00:00
116,13,rated,2.0,2025-04-04 10:15:29.464002+00:00
117,8,viewed,,2025-04-04 10:15:29.465474+00:00
117,8,rated,2.0,2025-04-04 10:15:29.466155+00:00
117,11,completed,,2025-04-04 10:15:29.467192+00:00
117,11,rated,5.0,2025-04-04 10:15:29.467812+00:00
118,8,viewed,,2025-04-04 10:15:29.468856+00:00
118,8,rated,2.0,2025-04-04 10:15:29.469480+00:00
118,8,completed,,2025-04-04 10:15:29.470109+00:00
118,17,rated,4.0,2025-04-04 10:15:29.471159+00:00
118,17,completed,,2025-04-04 10:15:29.471808+00:00
118,17,viewed,,2025-04-04 10:15:29.472446+00:00
118,13,completed,,2025-04-04 10:15:29.473477+00:00
118,13,viewed,,2025-04-04 10:15:29.474116+00:00
118,14,completed,,2025-04-04 10:15:29.475078+00:00
119,13,viewed,,2025-04-04 10:15:29.476064+00:00
119,15,completed,,2025-04-04 10:15:29.477029+00:00
119,15,viewed,,2025-04-04 10:15:29.477673+00:00
119,2,viewed,,2025-04-04 10:15:29.478643+00:00
119,2,completed,,2025-04-04 10:15:29.479250+00:00
119,7,viewed,,2025-04-04 10:15:29.480301+00:00
120,15,completed,,2025-04-04 10:15:29.481365+00:00
120,15,viewed,,2025-04-04 10:15:29.482054+00:00
120,3,rated,3.0,2025-04-04 10:15:29.483146+00:00
120,3,viewed,,2025-04-04 10:15:29.483853+00:00
121,13,rated,3.0,2025-04-04 10:15:29.484879+00:00
121,14,rated,4.0,2025-04-04 10:15:29.485938+00:00
121,14,viewed,,2025-04-04 10:15:29.487350+00:00
121,14,completed,,2025-04-04 10:15:29.487983+00:00
121,1,viewed,,2025-04-04 10:15:29.488988+00:00
121,1,completed,,2025-04-04 10:15:29.489587+00:00
121,16,rated,1.0,2025-04-04 10:15:29.490560+00:00
121,16,completed,,2025-04-04 10:15:29.491212+00:00
121,16,viewed,,2025-04-04 10:15:29.491825+00:00
121,10,viewed,,2025-04-04 10:15:29.492792+00:00
121,10,rated,1.0,2025-04-04 10:15:29.493430+00:00
121,10,completed,,2025-04-04 10:15:29.494037+00:00
122,14,rated,4.0,2025-04-04 10:15:29.495081+00:00
122,14,completed,,2025-04-04 10:15:29.495689+00:00
122,15,rated,2.0,2025-04-04 10:15:29.496700+00:00
122,15,completed,,2025-04-04 10:15:29.497363+00:00
122,15,viewed,,2025-04-04 10:15:29.497970+00:00
122,4,rated,3.0,2025-04-04 10:15:29.498945+00:00
122,2,rated,3.0,2025-04-04 10:15:29.500062+00:00
123,17,completed,,2025-04-04 10:15:29.501233+00:00
123,16,viewed,,2025-04-04 10:15:29.502246+00:00
123,16,completed,,2025-04-04 10:15:29.502877+00:00
123,16,rated,2.0,2025-04-04 10:15:29.503480+00:00
123,9,rated,4.0,2025-04-04 10:15:29.504881+00:00
123,4,completed,,2025-04-04 10:15:29.505895+00:00
123,1,completed,,2025-04-04 10:15:29.506893+00:00
123,1,rated,2.0,2025-04-04 10:15:29.507488+00:00
124,15,rated,5.0,2025-04-04 10:15:29.508422+00:00
124,19,rated,3.0,2025-04-04 10:15:29.509370+00:00
124,19,completed,,2025-04-04 10:15:29.509960+00:00
124,16,completed,,2025-04-04 10:15:29.510957+00:00
124,16,rated,1.0,2025-04-04 10:15:29.511621+00:00
125,15,viewed,,2025-04-04 10:15:29.512693+00:00
125,15,completed,,2025-04-04 10:15:29.513435+00:00
125,13,completed,,2025-04-04 10:15:29.514588+00:00
125,17,viewed,,2025-04-04 10:15:29.515696+00:00
125,17,completed,,2025-04-04 10:15:29.516452+00:00
125,17,rated,5.0,2025-04-04 10:15:29.517452+00:00
126,9,completed,,2025-04-04 10:15:29.518591+00:00
126,17,viewed,,2025-04-04 10:15:29.519697+00:00
126,18,completed,,2025-04-04 10:15:29.520762+00:00
126,13,completed,,2025-04-04 10:15:29.521780+00:00
126,13,rated,1.0,2025-04-04 10:15:29.522430+00:00
126,3,rated,4.0,2025-04-04 10:15:29.523582+00:00
126,3,viewed,,2025-04-04 10:15:29.524209+00:00
127,15,rated,2.0,2025-04-04 10:15:29.525238+00:00
127,10,viewed,,2025-04-04 10:15:29.526215+00:00
128,18,rated,2.0,2025-04-04 10:15:29.527262+00:00
128,18,viewed,,2025-04-04 10:15:29.528286+00:00
128,17,rated,5.0,2025-04-04 10:15:29.529399+00:00
128,17,viewed,,2025-04-04 10:15:29.530081+00:00
129,6,rated,4.0,2025-04-04 10:15:29.531142+00:00
129,6,completed,,2025-04-04 10:15:29.531776+00:00
129,6,viewed,,2025-04-04 10:15:29.532374+00:00
129,1,rated,2.0,2025-04-04 10:15:29.533465+00:00
129,1,viewed,,2025-04-04 10:15:29.534112+00:00
130,11,completed,,2025-04-04 10:15:29.535145+00:00
130,11,rated,5.0,2025-04-04 10:15:29.535812+00:00
130,11,viewed,,2025-04-04 10:15:29.536461+00:00
130,8,completed,,2025-04-04 10:15:29.537507+00:00
130,8,rated,1.0,2025-04-04 10:15:29.538141+00:00
130,6,rated,5.0,2025-04-04 10:15:29.539154+00:00
130,2,viewed,,2025-04-04 10:15:29.540152+00:00
130,15,rated,2.0,2025-04-04 10:15:29.541187+00:00
130,15,viewed,,2025-04-04 10:15:29.541797+00:00
130,15,completed,,2025-04-04 10:15:29.542384+00:00
131,17,completed,,2025-04-04 10:15:29.543383+00:00
131,3,completed,,2025-04-04 10:15:29.544354+00:00
131,3,viewed,,2025-04-04 10:15:29.544969+00:00
132,19,rated,4.0,2025-04-04 10:15:29.546485+00:00
132,19,completed,,2025-04-04 10:15:29.547158+00:00
132,18,viewed,,2025-04-04 10:15:29.548147+00:00
132,18,completed,,2025-04-04 10:15:29.548744+00:00
132,18,rated,1.0,2025-04-04 10:15:29.549352+00:00
132,8,completed,,2025-04-04 10:15:29.550463+00:00
133,11,rated,2.0,2025-04-04 10:15:29.551578+00:00
133,12,rated,4.0,2025-04-04 10:15:29.552578+00:00
133,15,viewed,,2025-04-04 10:15:29.553642+00:00
133,17,rated,3.0,2025-04-04 10:15:29.554665+00:00
133,17,viewed,,2025-04-04 10:15:29.555595+00:00
133,17,completed,,2025-04-04 10:15:29.556192+00:00
133,5,completed,,2025-04-04 10:15:29.557154+00:00
133,5,rated,5.0,2025-04-04 10:15:29.557781+00:00
134,12,rated,5.0,2025-04-04 10:15:29.558801+00:00
134,12,viewed,,2025-04-04 10:15:29.559432+00:00
134,12,completed,,2025-04-04 10:15:29.560028+00:00
134,11,completed,,2025-04-04 10:15:29.560990+00:00
134,11,rated,2.0,2025-04-04 10:15:29.561634+00:00
134,3,viewed,,2025-04-04 10:15:29.562645+00:00
134,3,completed,,2025-04-04 10:15:29.563252+00:00
134,3,rated,1.0,2025-04-04 10:15:29.564297+00:00
135,17,viewed,,2025-04-04 10:15:29.565353+00:00
135,17,rated,4.0,2025-04-04 10:15:29.566004+00:00
135,17,completed,,2025-04-04 10:15:29.566628+00:00
135,11,viewed,,2025-04-04 10:15:29.567709+00:00
135,13,rated,3.0,2025-04-04 10:15:29.568773+00:00
135,13,viewed,,2025-04-04 10:15:29.569421+00:00
135,4,viewed,,2025-04-04 10:15:29.570397+00:00
136,11,rated,2.0,2025-04-04 10:15:29.571440+00:00
136,11,completed,,2025-04-04 10:15:29.572132+00:00
136,4,rated,4.0,2025-04-04 10:15:29.573136+00:00
136,4,completed,,2025-04-04 10:15:29.573748+00:00
136,4,viewed,,2025-04-04 10:15:29.574357+00:00
136,2,completed,,2025-04-04 10:15:29.575337+00:00
136,2,viewed,,2025-04-04 10:15:29.575987+00:00
136,2,rated,5.0,2025-04-04 10:15:29.576582+00:00
136,16,completed,,2025-04-04 10:15:29.577519+00:00
136,16,rated,5.0,2025-04-04 10:15:29.578108+00:00
136,6,rated,4.0,2025-04-04 10:15:29.579158+00:00
137,2,completed,,2025-04-04 10:15:29.580176+00:00
137,2,rated,1.0,2025-04-04 10:15:29.580911+00:00
137,6,rated,3.0,2025-04-04 10:15:29.581949+00:00
137,14,rated,5.0,2025-04-04 10:15:29.583047+00:00
137,19,completed,,2025-04-04 10:15:29.584377+00:00
137,8,viewed,,2025-04-04 10:15:29.585432+00:00
138,2,completed,,2025-04-04 10:15:29.586479+00:00
138,2,viewed,,2025-04-04 10:15:29.587131+00:00
138,6,completed,,2025-04-04 10:15:29.588154+00:00
138,6,viewed,,2025-04-04 10:15:29.588783+00:00
138,6,rated,5.0,2025-04-04 10:15:29.589392+00:00
138,17,completed,,2025-04-04 10:15:29.590426+00:00
138,11,rated,5.0,2025-04-04 10:15:29.591704+00:00
138,11,viewed,,2025-04-04 10:15:29.592295+00:00
139,12,completed,,2025-04-04 10:15:29.593264+00:00
139,12,rated,1.0,2025-04-04 10:15:29.593949+00:00
139,12,viewed,,2025-04-04 10:15:29.594545+00:00
139,9,completed,,2025-04-04 10:15:29.595531+00:00
139,9,rated,4.0,2025-04-04 10:15:29.596128+00:00
139,13,rated,5.0,2025-04-04 10:15:29.597099+00:00
139,13,viewed,,2025-04-04 10:15:29.597734+00:00
139,13,completed,,2025-04-04 10:15:29.598334+00:00
140,14,rated,5.0,2025-04-04 10:15:29.599655+00:00
140,13,rated,2.0,2025-04-04 10:15:29.600804+00:00
140,13,viewed,,2025-04-04 10:15:29.601462+00:00
140,13,completed,,2025-04-04 10:15:29.602073+00:00
140,6,completed,,2025-04-04 10:15:29.603124+00:00
141,15,viewed,,2025-04-04 10:15:29.604175+00:00
141,19,viewed,,2025-04-04 10:15:29.605524+00:00
141,19,rated,5.0,2025-04-04 10:15:29.606137+00:00
141,19,completed,,2025-04-04 10:15:29.606735+00:00
141,17,completed,,2025-04-04 10:15:29.607690+00:00
141,17,rated,1.0,2025-04-04 10:15:29.608312+00:00
141,17,viewed,,2025-04-04 10:15:29.608942+00:00
141,9,viewed,,2025-04-04 10:15:29.609880+00:00
141,9,rated,5.0,2025-04-04 10:15:29.610519+00:00
142,8,viewed,,2025-04-04 10:15:29.642916+00:00
142,6,viewed,,2025-04-04 10:15:29.644630+00:00
142,6,completed,,2025-04-04 10:15:29.645633+00:00
142,6,rated,5.0,2025-04-04 10:15:29.646434+00:00
142,4,completed,,2025-04-04 10:15:29.647630+00:00
142,4,rated,4.0,2025-04-04 10:15:29.648278+00:00
142,11,viewed,,2025-04-04 10:15:29.649389+00:00
142,11,rated,5.0,2025-04-04 10:15:29.650139+00:00
142,11,completed,,2025-04-04 10:15:29.651212+00:00
142,13,rated,4.0,2025-04-04 10:15:29.652439+00:00
142,13,viewed,,2025-04-04 10:15:29.653113+00:00
143,19,completed,,2025-04-04 10:15:29.654159+00:00
143,19,rated,4.0,2025-04-04 10:15:29.654860+00:00
143,16,rated,5.0,2025-04-04 10:15:29.655880+00:00
143,16,viewed,,2025-04-04 10:15:29.656567+00:00
144,8,completed,,2025-04-04 10:15:29.657574+00:00
144,8,rated,1.0,2025-04-04 10:15:29.658197+00:00
144,14,rated,4.0,2025-04-04 10:15:29.659202+00:00
144,17,rated,4.0,2025-04-04 10:15:29.660187+00:00
145,7,viewed,,2025-04-04 10:15:29.661269+00:00
145,11,completed,,2025-04-04 10:15:29.662264+00:00
145,11,rated,5.0,2025-04-04 10:15:29.663268+00:00
145,11,viewed,,2025-04-04 10:15:29.663875+00:00
145,1,viewed,,2025-04-04 10:15:29.664866+00:00
145,1,completed,,2025-04-04 10:15:29.665476+00:00
145,1,rated,5.0,2025-04-04 10:15:29.666137+00:00
145,17,rated,4.0,2025-04-04 10:15:29.667192+00:00
145,17,viewed,,2025-04-04 10:15:29.667866+00:00
146,7,completed,,2025-04-04 10:15:29.668854+00:00
146,7,rated,2.0,2025-04-04 10:15:29.669460+00:00
146,12,rated,2.0,2025-04-04 10:15:29.670428+00:00
146,12,completed,,2025-04-04 10:15:29.671042+00:00
146,4,completed,,2025-04-04 10:15:29.672003+00:00
146,4,viewed,,2025-04-04 10:15:29.672699+00:00
146,4,rated,3.0,2025-04-04 10:15:29.673384+00:00
146,18,completed,,2025-04-04 10:15:29.674664+00:00
147,17,completed,,2025-04-04 10:15:29.675623+00:00
147,17,rated,2.0,2025-04-04 10:15:29.676208+00:00
147,17,viewed,,2025-04-04 10:15:29.676821+00:00
147,3,completed,,2025-04-04 10:15:29.677780+00:00
147,3,viewed,,2025-04-04 10:15:29.678471+00:00
147,3,rated,3.0,2025-04-04 10:15:29.679116+00:00
147,13,completed,,2025-04-04 10:15:29.680080+00:00
147,13,rated,2.0,2025-04-04 10:15:29.680710+00:00
147,13,viewed,,2025-04-04 10:15:29.681351+00:00
147,15,rated,2.0,2025-04-04 10:15:29.682371+00:00
148,9,rated,3.0,2025-04-04 10:15:29.683942+00:00
148,9,completed,,2025-04-04 10:15:29.684656+00:00
148,9,viewed,,2025-04-04 10:15:29.685334+00:00
148,17,viewed,,2025-04-04 10:15:29.686383+00:00
148,16,completed,,2025-04-04 10:15:29.687364+00:00
149,15,rated,2.0,2025-04-04 10:15:29.688413+00:00
149,15,viewed,,2025-04-04 10:15:29.689165+00:00
149,15,completed,,2025-04-04 10:15:29.689819+00:00
149,14,rated,4.0,2025-04-04 10:15:29.690885+00:00
150,18,completed,,2025-04-04 10:15:29.691893+00:00
150,18,viewed,,2025-04-04 10:15:29.692502+00:00
150,17,completed,,2025-04-04 10:15:29.693516+00:00
150,17,rated,4.0,2025-04-04 10:15:29.694179+00:00
150,17,viewed,,2025-04-04 10:15:29.694809+00:00
150,12,viewed,,2025-04-04 10:15:29.696136+00:00
150,12,rated,1.0,2025-04-04 10:15:29.696914+00:00
150,9,viewed,,2025-04-04 10:15:29.697898+00:00
150,9,completed,,2025-04-04 10:15:29.698528+00:00
150,7,rated,2.0,2025-04-04 10:15:29.699538+00:00
151,4,viewed,,2025-04-04 10:15:29.700807+00:00
151,5,rated,5.0,2025-04-04 10:15:29.701839+00:00
151,5,completed,,2025-04-04 10:15:29.702496+00:00
152,10,completed,,2025-04-04 10:15:29.703845+00:00
152,1,completed,,2025-04-04 10:15:29.704858+00:00
152,1,rated,5.0,2025-04-04 10:15:29.705506+00:00
152,1,viewed,,2025-04-04 10:15:29.706377+00:00
153,12,completed,,2025-04-04 10:15:29.707398+00:00
153,12,viewed,,2025-04-04 10:15:29.708029+00:00
153,12,rated,2.0,2025-04-04 10:15:29.708618+00:00
153,9,completed,,2025-04-04 10:15:29.709587+00:00
153,17,rated,5.0,2025-04-04 10:15:29.710576+00:00
153,17,viewed,,2025-04-04 10:15:29.711231+00:00
154,12,viewed,,2025-04-04 10:15:29.712267+00:00
154,12,rated,2.0,2025-04-04 10:15:29.713207+00:00
154,12,completed,,2025-04-04 10:15:29.713866+00:00
154,1,viewed,,2025-04-04 10:15:29.714850+00:00
154,18,completed,,2025-04-04 10:15:29.715820+00:00
154,18,rated,5.0,2025-04-04 10:15:29.716829+00:00
154,18,viewed,,2025-04-04 10:15:29.717514+00:00
155,5,viewed,,2025-04-04 10:15:29.718537+00:00
155,5,completed,,2025-04-04 10:15:29.719181+00:00
155,9,rated,5.0,2025-04-04 10:15:29.720234+00:00
155,14,viewed,,2025-04-04 10:15:29.721241+00:00
155,11,completed,,2025-04-04 10:15:29.722183+00:00
155,11,viewed,,2025-04-04 10:15:29.722797+00:00
156,12,completed,,2025-04-04 10:15:29.723767+00:00
156,14,completed,,2025-04-04 10:15:29.724781+00:00
156,14,viewed,,2025-04-04 10:15:29.725384+00:00
156,15,viewed,,2025-04-04 10:15:29.726346+00:00
156,15,rated,5.0,2025-04-04 10:15:29.726957+00:00
156,15,completed,,2025-04-04 10:15:29.727552+00:00
156,4,rated,1.0,2025-04-04 10:15:29.728593+00:00
156,4,completed,,2025-04-04 10:15:29.729222+00:00
156,4,viewed,,2025-04-04 10:15:29.729935+00:00
156,17,completed,,2025-04-04 10:15:29.730930+00:00
156,17,rated,3.0,2025-04-04 10:15:29.731558+00:00
156,17,viewed,,2025-04-04 10:15:29.732241+00:00
157,10,completed,,2025-04-04 10:15:29.733295+00:00
157,10,viewed,,2025-04-04 10:15:29.734077+00:00
157,15,viewed,,2025-04-04 10:15:29.735147+00:00
157,15,rated,3.0,2025-04-04 10:15:29.735776+00:00
157,14,completed,,2025-04-04 10:15:29.736782+00:00
157,14,viewed,,2025-04-04 10:15:29.737385+00:00
157,14,rated,4.0,2025-04-04 10:15:29.738760+00:00
